{
  "metrics": {
    "Accuracy": 0.8011037814735669,
    "Precision": 0.6417672686912483,
    "Recall": 0.8011037814735669,
    "F1-score": 0.7126377450234307,
    "ROC AUC": 0.6947109200613181
  },
  "training_time_seconds": 484.30899310112
}